<?xml version="1.0" ?>
<!-- 
//===================================================================================
// zGameServer
// ----------------------------------------------------------------------------------
// Description:	(Shop) Harold Wandering
// ----------------------------------------------------------------------------------
// Revision: 	13:04 10.04.2014
//===================================================================================
-->
<shop>
	<item id="14" num="0" dur="0" level="0" skill="0" luck="0" option="0" exc="0" anc="0" socket="0" element="-1" /> <!-- Apple -->	
	<item id="14" num="3" dur="1000" level="0" skill="0" luck="0" option="0" exc="0" anc="0" socket="0" element="-1" /> <!-- Large Healing Potion -->
	<item id="14" num="6" dur="1000" level="0" skill="0" luck="0" option="0" exc="0" anc="0" socket="0" element="-1" /> <!-- Large Mana Potion -->
	<item id="14" num="8" dur="25" level="0" skill="0" luck="0" option="0" exc="0" anc="0" socket="0" element="-1" /> <!-- Antidote -->
	<item id="14" num="20" dur="0" level="0" skill="0" luck="0" option="0" exc="0" anc="0" socket="0" element="-1" /> <!-- Remedy of Love -->
	<item id="13" num="0" dur="0" level="0" skill="0" luck="0" option="0" exc="0" anc="0" socket="0" element="8" /> <!-- Guardian Angel -->
	<item id="13" num="1" dur="0" level="0" skill="0" luck="0" option="0" exc="0" anc="0" socket="0" element="8" /> <!-- Imp -->
	<item id="13" num="2" dur="0" level="0" skill="0" luck="0" option="0" exc="0" anc="0" socket="0" element="8" /> <!-- Horn of Uniria -->
	<item id="7" num="5" dur="0" level="0" skill="0" luck="1" option="1" exc="0" anc="0" socket="0" element="-1" /> <!-- Leather Helm -->
	<item id="8" num="5" dur="0" level="0" skill="0" luck="1" option="1" exc="0" anc="0" socket="0" element="-1" /> <!-- Leather Armor -->
	<item id="9" num="5" dur="0" level="0" skill="0" luck="1" option="1" exc="0" anc="0" socket="0" element="-1" /> <!-- Leather Pants -->
	<item id="10" num="5" dur="0" level="0" skill="0" luck="1" option="1" exc="0" anc="0" socket="0" element="-1" /> <!-- Leather Gloves -->
	<item id="11" num="5" dur="0" level="0" skill="0" luck="1" option="1" exc="0" anc="0" socket="0" element="-1" /> <!-- Leather Boots -->
	<item id="7" num="0" dur="0" level="2" skill="0" luck="1" option="1" exc="0" anc="0" socket="0" element="-1" /> <!-- Leather Helm -->
	<item id="8" num="0" dur="0" level="2" skill="0" luck="1" option="1" exc="0" anc="0" socket="0" element="-1" /> <!-- Leather Armor -->
	<item id="9" num="0" dur="0" level="2" skill="0" luck="1" option="1" exc="0" anc="0" socket="0" element="-1" /> <!-- Leather Pants -->
	<item id="10" num="0" dur="0" level="2" skill="0" luck="1" option="1" exc="0" anc="0" socket="0" element="-1" /> <!-- Leather Gloves -->
	<item id="11" num="0" dur="0" level="2" skill="0" luck="1" option="1" exc="0" anc="0" socket="0" element="-1" /> <!-- Leather Boots -->
	<item id="7" num="26" dur="0" level="2" skill="0" luck="1" option="1" exc="0" anc="0" socket="0" element="-1" /> <!-- Adamantine Mask -->
	<item id="8" num="26" dur="0" level="2" skill="0" luck="1" option="1" exc="0" anc="0" socket="0" element="-1" /> <!-- Adamantine Armor -->
	<item id="9" num="26" dur="0" level="2" skill="0" luck="1" option="1" exc="0" anc="0" socket="0" element="-1" /> <!-- Adamantine Pants -->
	<item id="10" num="26" dur="0" level="2" skill="0" luck="1" option="1" exc="0" anc="0" socket="0" element="-1" /> <!-- Adamantine Gloves -->
	<item id="11" num="26" dur="0" level="2" skill="0" luck="1" option="1" exc="0" anc="0" socket="0" element="-1" /> <!-- Adamantine Boots -->
	<item id="2" num="9" dur="0" level="2" skill="0" luck="1" option="1" exc="0" anc="0" socket="0" element="-1" /> <!-- Master Scepter -->
	<item id="2" num="10" dur="0" level="2" skill="0" luck="1" option="1" exc="0" anc="0" socket="0" element="-1" /> <!-- Great Scepter -->
	<item id="2" num="11" dur="0" level="2" skill="0" luck="1" option="1" exc="0" anc="0" socket="0" element="-1" /> <!-- Lord Scepter -->
</shop>