<?xml version="1.0" ?>
<shop>
	<item id="12" num="7" dur="0" level="0" skill="0" luck="0" option="0" exc="0" anc="0" socket="0" element="-1" /> <!-- Orb of Twisting Slash -->
	<item id="12" num="14" dur="0" level="0" skill="0" luck="0" option="0" exc="0" anc="0" socket="0" element="-1" /> <!-- Orb of Greater Fortitude -->
	<item id="12" num="13" dur="0" level="0" skill="0" luck="0" option="0" exc="0" anc="0" socket="0" element="-1" /> <!-- Orb of Impale -->
	<item id="12" num="12" dur="0" level="0" skill="0" luck="0" option="0" exc="0" anc="0" socket="0" element="-1" /> <!-- Orb of Rageful Blow -->
	<item id="12" num="19" dur="0" level="0" skill="0" luck="0" option="0" exc="0" anc="0" socket="0" element="-1" /> <!-- Orb of Death Stab -->
	<item id="12" num="44" dur="0" level="0" skill="0" luck="0" option="0" exc="0" anc="0" socket="0" element="-1" /> <!-- Crystal of Destruction -->
	<item id="7" num="8" dur="0" level="2" skill="0" luck="1" option="1" exc="0" anc="0" socket="0" element="-1" /> <!-- Brass Helm -->
	<item id="8" num="8" dur="0" level="2" skill="0" luck="1" option="1" exc="0" anc="0" socket="0" element="-1" /> <!-- Brass Armor -->
	<item id="9" num="8" dur="0" level="2" skill="0" luck="1" option="1" exc="0" anc="0" socket="0" element="-1" /> <!-- Brass Pants -->
	<item id="10" num="8" dur="0" level="2" skill="0" luck="1" option="1" exc="0" anc="0" socket="0" element="-1" /> <!-- Brass Gloves -->
	<item id="11" num="8" dur="0" level="2" skill="0" luck="1" option="1" exc="0" anc="0" socket="0" element="-1" /> <!-- Brass Boots -->
	<item id="7" num="9" dur="0" level="2" skill="0" luck="1" option="1" exc="0" anc="0" socket="0" element="-1" /> <!-- Plate Helm -->
	<item id="8" num="9" dur="0" level="2" skill="0" luck="1" option="1" exc="0" anc="0" socket="0" element="-1" /> <!-- Plate Armor -->
	<item id="9" num="9" dur="0" level="2" skill="0" luck="1" option="1" exc="0" anc="0" socket="0" element="-1" /> <!-- Plate Pants -->
	<item id="10" num="9" dur="0" level="2" skill="0" luck="1" option="1" exc="0" anc="0" socket="0" element="-1" /> <!-- Plate Gloves -->
	<item id="11" num="9" dur="0" level="2" skill="0" luck="1" option="1" exc="0" anc="0" socket="0" element="-1" /> <!-- Plate Boots -->
	<item id="3" num="9" dur="0" level="2" skill="1" luck="1" option="1" exc="0" anc="0" socket="0" element="-1" /> <!-- Bill of Balrog -->
	<item id="0" num="14" dur="0" level="2" skill="1" luck="1" option="1" exc="0" anc="0" socket="0" element="-1" /> <!-- Lighting Sword -->
	<item id="6" num="12" dur="0" level="2" skill="1" luck="1" option="0" exc="0" anc="0" socket="0" element="-1" /> <!-- Bronze Shield -->
</shop>