<?xml version="1.0" ?>
<!-- 
//===================================================================================
// zGameServer
// ----------------------------------------------------------------------------------
// Description:	(Shop) Wandering Merchant Alex
// ----------------------------------------------------------------------------------
// Revision: 	11:47 10.04.2014
//===================================================================================
-->
<shop>
	<item id="8" num="15" dur="0" level="3" skill="0" luck="1" option="1" exc="0" anc="0" socket="0" element="-1" /> <!-- Storm Crow Armor -->
	<item id="9" num="15" dur="0" level="3" skill="0" luck="1" option="1" exc="0" anc="0" socket="0" element="-1" /> <!-- Storm Crow Pants -->
	<item id="10" num="15" dur="0" level="3" skill="0" luck="1" option="1" exc="0" anc="0" socket="0" element="-1" /> <!-- Storm Crow Gloves -->
	<item id="11" num="15" dur="0" level="3" skill="0" luck="1" option="1" exc="0" anc="0" socket="0" element="-1" /> <!-- Storm Crow Boots -->
	<item id="7" num="59" dur="0" level="3" skill="0" luck="1" option="1" exc="0" anc="0" socket="0" element="-1" /> <!-- Sacred Fire Helm -->
	<item id="8" num="59" dur="0" level="3" skill="0" luck="1" option="1" exc="0" anc="0" socket="0" element="-1" /> <!-- Sacred Fire Armor -->
	<item id="9" num="59" dur="0" level="3" skill="0" luck="1" option="1" exc="0" anc="0" socket="0" element="-1" /> <!-- Sacred Fire Pants -->
	<item id="11" num="59" dur="0" level="3" skill="0" luck="1" option="1" exc="0" anc="0" socket="0" element="-1" /> <!-- Sacred Fire Boots -->
	<item id="0" num="18" dur="0" level="3" skill="1" luck="1" option="1" exc="0" anc="0" socket="0" element="-1" /> <!-- Thunder Blade -->
	<item id="0" num="32" dur="0" level="3" skill="1" luck="1" option="1" exc="0" anc="0" socket="0" element="-1" /> <!-- Sacred Glove -->
	<item id="15" num="30" dur="0" level="0" skill="0" luck="0" option="0" exc="0" anc="0" socket="0" element="236" /> <!-- Chain Drive Parchment -->
	<item id="15" num="31" dur="0" level="0" skill="0" luck="0" option="0" exc="0" anc="0" socket="0" element="236" /> <!-- Dark Side Parchment -->
	<item id="15" num="32" dur="0" level="0" skill="0" luck="0" option="0" exc="0" anc="0" socket="0" element="236" /> <!-- Dragon Roar Parchment -->
	<item id="15" num="33" dur="0" level="0" skill="0" luck="0" option="0" exc="0" anc="0" socket="0" element="236" /> <!-- Dragon Slasher Parchment -->
	<item id="15" num="34" dur="0" level="0" skill="0" luck="0" option="0" exc="0" anc="0" socket="0" element="236" /> <!-- Ignore Defense Parchment -->
	<item id="15" num="35" dur="0" level="0" skill="0" luck="0" option="0" exc="0" anc="0" socket="0" element="236" /> <!-- Increase Health Parchment -->
	<item id="15" num="36" dur="0" level="0" skill="0" luck="0" option="0" exc="0" anc="0" socket="0" element="236" /> <!-- Increase Block Parchment -->
</shop>