<?xml version="1.0" ?>
<!-- 
//===================================================================================
// zGameServer
// ----------------------------------------------------------------------------------
// Description:	(Shop) Weapons Merchant Zienna
// ----------------------------------------------------------------------------------
// Revision: 	11:51 10.04.2014
//===================================================================================
-->
<shop>
	<item id="7" num="1" dur="0" level="3" skill="0" luck="1" option="1" exc="0" anc="0" socket="0" element="-1" /> <!-- Dragon Helm -->
	<item id="8" num="1" dur="0" level="3" skill="0" luck="1" option="1" exc="0" anc="0" socket="0" element="-1" /> <!-- Dragon Armor -->
	<item id="9" num="1" dur="0" level="3" skill="0" luck="1" option="1" exc="0" anc="0" socket="0" element="-1" /> <!-- Dragon Pants -->
	<item id="10" num="1" dur="0" level="3" skill="0" luck="1" option="1" exc="0" anc="0" socket="0" element="-1" /> <!-- Dragon Gloves -->
	<item id="11" num="1" dur="0" level="3" skill="0" luck="1" option="1" exc="0" anc="0" socket="0" element="-1" /> <!-- Dragon Boots -->
	<item id="0" num="9" dur="0" level="3" skill="1" luck="1" option="1" exc="0" anc="0" socket="0" element="-1" /> <!-- Sword of Salamander -->
	<item id="0" num="11" dur="0" level="3" skill="1" luck="1" option="1" exc="0" anc="0" socket="0" element="-1" /> <!-- Legendary Sword -->
	<item id="0" num="15" dur="0" level="3" skill="1" luck="1" option="1" exc="0" anc="0" socket="0" element="-1" /> <!-- Giant Sword -->
	<item id="0" num="13" dur="0" level="3" skill="1" luck="1" option="1" exc="0" anc="0" socket="0" element="-1" /> <!-- Double Blade -->
	<item id="0" num="14" dur="0" level="3" skill="1" luck="1" option="1" exc="0" anc="0" socket="0" element="-1" /> <!-- Lighting Sword" -->
	<item id="0" num="12" dur="0" level="3" skill="1" luck="1" option="1" exc="0" anc="0" socket="0" element="-1" /> <!-- Heliacal Sword -->
	<item id="4" num="12" dur="0" level="3" skill="1" luck="1" option="1" exc="0" anc="0" socket="0" element="-1" /> <!-- Serpent Crossbow -->
	<item id="3" num="8" dur="0" level="3" skill="1" luck="1" option="1" exc="0" anc="0" socket="0" element="-1" /> <!-- Great Scythe -->
	<item id="3" num="9" dur="0" level="3" skill="1" luck="1" option="1" exc="0" anc="0" socket="0" element="-1" /> <!-- Bill of Balrog -->
	<item id="4" num="5" dur="0" level="3" skill="1" luck="1" option="1" exc="0" anc="0" socket="0" element="-1" /> <!-- Silver Bow -->
	<item id="4" num="13" dur="0" level="3" skill="1" luck="1" option="1" exc="0" anc="0" socket="0" element="-1" /> <!-- Bluewing Crossbow -->
</shop>