<?xml version="1.0" ?>
<!-- 
//===================================================================================
// zGameServer
// ----------------------------------------------------------------------------------
// Description:	(Shop) Lumen the Barmaid
// ----------------------------------------------------------------------------------
// Revision: 	11:15 10.04.2014
//===================================================================================
-->
<shop>
	<item id="14" num="0" dur="0" level="0" skill="0" luck="0" option="0" exc="0" anc="0" socket="0" element="-1" /> <!-- Apple -->	
	<item id="14" num="3" dur="1000" level="0" skill="0" luck="0" option="0" exc="0" anc="0" socket="0" element="-1" /> <!-- Large Healing Potion -->
	<item id="14" num="6" dur="1000" level="0" skill="0" luck="0" option="0" exc="0" anc="0" socket="0" element="-1" /> <!-- Large Mana Potion -->
	<item id="14" num="8" dur="25" level="0" skill="0" luck="0" option="0" exc="0" anc="0" socket="0" element="-1" /> <!-- Antidote -->
	<item id="14" num="20" dur="0" level="0" skill="0" luck="0" option="0" exc="0" anc="0" socket="0" element="-1" /> <!-- Remedy of Love -->
	<item id="14" num="19" dur="1" level="1" skill="0" luck="0" option="0" exc="0" anc="0" socket="0" element="-1" /> <!-- Devil's Invitation +1-->
	<item id="14" num="19" dur="1" level="2" skill="0" luck="0" option="0" exc="0" anc="0" socket="0" element="-1" /> <!-- Devil's Invitation +2-->
	<item id="14" num="19" dur="1" level="3" skill="0" luck="0" option="0" exc="0" anc="0" socket="0" element="-1" /> <!-- Devil's Invitation +3-->
	<item id="14" num="19" dur="1" level="4" skill="0" luck="0" option="0" exc="0" anc="0" socket="0" element="-1" /> <!-- Devil's Invitation +4-->
	<item id="13" num="18" dur="1" level="1" skill="0" luck="0" option="0" exc="0" anc="0" socket="0" element="-1" /> <!-- Invisibility Cloak +1-->
	<item id="13" num="18" dur="1" level="2" skill="0" luck="0" option="0" exc="0" anc="0" socket="0" element="-1" /> <!-- Invisibility Cloak +2-->
	<item id="13" num="18" dur="1" level="3" skill="0" luck="0" option="0" exc="0" anc="0" socket="0" element="-1" /> <!-- Invisibility Cloak +3-->
	<item id="13" num="18" dur="1" level="4" skill="0" luck="0" option="0" exc="0" anc="0" socket="0" element="-1" /> <!-- Invisibility Cloak +4-->
	<item id="14" num="10" dur="0" level="0" skill="0" luck="0" option="0" exc="0" anc="0" socket="0" element="-1" /> <!-- Town Portal Scroll -->
	<item id="13" num="29" dur="0" level="0" skill="0" luck="0" option="0" exc="0" anc="0" socket="0" element="-1" /> <!-- Armor of Guardsman -->
	<!-- <item id="14" num="13" dur="0" level="0" skill="0" luck="0" option="0" exc="0" anc="0" socket="0" element="-1" /> Jewel of Bless -->
	<item id="13" num="0" dur="0" level="0" skill="0" luck="0" option="0" exc="0" anc="0" socket="0" element="8" /> <!-- Guardian Angel -->
	<item id="13" num="1" dur="0" level="0" skill="0" luck="0" option="0" exc="0" anc="0" socket="0" element="8" /> <!-- Imp -->
	<item id="13" num="2" dur="0" level="0" skill="0" luck="0" option="0" exc="0" anc="0" socket="0" element="8" /> <!-- Horn of Uniria -->
	<item id="4" num="7" dur="0" level="0" skill="0" luck="0" option="0" exc="0" anc="0" socket="0" element="-1" /> <!-- Bolt -->
	<item id="4" num="7" dur="0" level="2" skill="0" luck="0" option="0" exc="2" anc="0" socket="0" element="-1" /> <!-- Bolt -->  
	<item id="4" num="15" dur="0" level="0" skill="0" luck="0" option="0" exc="0" anc="0" socket="0" element="-1" /> <!-- Arrow -->
	<item id="4" num="15" dur="0" level="2" skill="0" luck="0" option="2" exc="0" anc="0" socket="0" element="-1" /> <!-- Arrow -->
</shop>