<?xml version="1.0" ?>
<!-- 
//===================================================================================
// zGameServer
// ----------------------------------------------------------------------------------
// Description:	(Shop) Pasi the Mage
// ----------------------------------------------------------------------------------
// Revision: 	11:16 10.04.2014
//===================================================================================
-->
<shop>
	<item id="15" num="3" dur="0" level="0" skill="0" luck="0" option="0" exc="0" anc="0" socket="0" element="-1" /> <!-- Scroll of Fire Ball -->
	<item id="15" num="10" dur="0" level="0" skill="0" luck="0" option="0" exc="0" anc="0" socket="0" element="-1" /> <!-- Scroll of Power Wave -->
	<item id="15" num="2" dur="0" level="0" skill="0" luck="0" option="0" exc="0" anc="0" socket="0" element="-1" /> <!-- Scroll of Lighting -->
	<item id="15" num="1" dur="0" level="0" skill="0" luck="0" option="0" exc="0" anc="0" socket="0" element="-1" /> <!-- Scroll of Meteorite -->
	<item id="15" num="5" dur="0" level="0" skill="0" luck="0" option="0" exc="0" anc="0" socket="0" element="-1" /> <!-- Scroll of Teleport -->
	<item id="15" num="6" dur="0" level="0" skill="0" luck="0" option="0" exc="0" anc="0" socket="0" element="-1" /> <!-- Scroll of Ice -->
	<item id="15" num="0" dur="0" level="0" skill="0" luck="0" option="0" exc="0" anc="0" socket="0" element="-1" /> <!-- Scroll of Poison -->
	<item id="15" num="4" dur="0" level="0" skill="0" luck="0" option="0" exc="0" anc="0" socket="0" element="-1" /> <!-- Scroll of Flame -->
	<item id="15" num="7" dur="0" level="0" skill="0" luck="0" option="0" exc="0" anc="0" socket="0" element="-1" /> <!-- Scroll of Twister -->
	<item id="15" num="8" dur="0" level="0" skill="0" luck="0" option="0" exc="0" anc="0" socket="0" element="-1" /> <!-- Scroll of Evil Spirit -->
	<item id="15" num="9" dur="0" level="0" skill="0" luck="0" option="0" exc="0" anc="0" socket="0" element="-1" /> <!-- Scroll of Hellfire -->
	<item id="15" num="11" dur="0" level="0" skill="0" luck="0" option="0" exc="0" anc="0" socket="0" element="-1" /> <!-- Scroll of Aqua Beam -->
	<item id="15" num="12" dur="0" level="0" skill="0" luck="0" option="0" exc="0" anc="0" socket="0" element="-1" /> <!-- Scroll of Cometfall -->
	<item id="15" num="13" dur="0" level="0" skill="0" luck="0" option="0" exc="0" anc="0" socket="0" element="-1" /> <!-- Scroll of Inferno -->
	<item id="15" num="14" dur="0" level="0" skill="0" luck="0" option="0" exc="0" anc="0" socket="0" element="-1" /> <!-- Scroll of Teleport Ally -->
	<item id="15" num="15" dur="0" level="0" skill="0" luck="0" option="0" exc="0" anc="0" socket="0" element="-1" /> <!-- Scroll of Soul Barrier -->
	<item id="15" num="16" dur="0" level="0" skill="0" luck="0" option="0" exc="0" anc="0" socket="0" element="-1" /> <!-- Scroll of Decay -->
	<item id="15" num="17" dur="0" level="0" skill="0" luck="0" option="0" exc="0" anc="0" socket="0" element="-1" /> <!-- Scroll of Ice Storm -->
	<item id="15" num="18" dur="0" level="0" skill="0" luck="0" option="0" exc="0" anc="0" socket="0" element="-1" /> <!-- Scroll of Nova -->
	<item id="15" num="28" dur="0" level="0" skill="0" luck="0" option="0" exc="0" anc="0" socket="0" element="-1" /> <!-- Scroll of Wizardry Enhance -->
	<item id="15" num="29" dur="0" level="0" skill="0" luck="0" option="0" exc="0" anc="0" socket="0" element="-1" /> <!-- Scroll of Gigantic Storm -->
	<item id="12" num="21" dur="0" level="0" skill="0" luck="0" option="0" exc="0" anc="0" socket="0" element="-1" /> <!-- Scroll of FireBurst -->
	<item id="12" num="22" dur="0" level="0" skill="0" luck="0" option="0" exc="0" anc="0" socket="0" element="-1" /> <!-- Scroll of Summon -->
	<item id="12" num="23" dur="0" level="0" skill="0" luck="0" option="0" exc="0" anc="0" socket="0" element="-1" /> <!-- Scroll of Critical Damage -->
	<item id="12" num="24" dur="0" level="0" skill="0" luck="0" option="0" exc="0" anc="0" socket="0" element="-1" /> <!-- Scroll of Electric Spark -->
	<item id="12" num="48" dur="0" level="0" skill="0" luck="0" option="0" exc="0" anc="0" socket="0" element="-1" /> <!-- Scroll of Chaotic Diseier -->
	<item id="7" num="2" dur="0" level="3" skill="0" luck="1" option="1" exc="0" anc="0" socket="0" element="-1" /> <!-- Pad Helm -->
	<item id="8" num="2" dur="0" level="3" skill="0" luck="1" option="1" exc="0" anc="0" socket="0" element="-1" /> <!-- Pad Armor -->
	<item id="9" num="2" dur="0" level="3" skill="0" luck="1" option="1" exc="0" anc="0" socket="0" element="-1" /> <!-- Pad Pants -->
	<item id="10" num="2" dur="0" level="3" skill="0" luck="1" option="1" exc="0" anc="0" socket="0" element="-1" /> <!-- Pad Gloves -->
	<item id="11" num="2" dur="0" level="3" skill="0" luck="1" option="1" exc="0" anc="0" socket="0" element="-1" /> <!-- Pad Boots -->
	<item id="7" num="4" dur="0" level="3" skill="0" luck="1" option="1" exc="0" anc="0" socket="0" element="-1" /> <!-- Bone Helm -->
	<item id="8" num="4" dur="0" level="3" skill="0" luck="1" option="1" exc="0" anc="0" socket="0" element="-1" /> <!-- Bone Armor -->
	<item id="9" num="4" dur="0" level="3" skill="0" luck="1" option="1" exc="0" anc="0" socket="0" element="-1" /> <!-- Bone Pants -->
	<item id="10" num="4" dur="0" level="3" skill="0" luck="1" option="1" exc="0" anc="0" socket="0" element="-1" /> <!-- Bone Gloves -->
	<item id="11" num="4" dur="0" level="3" skill="0" luck="1" option="1" exc="0" anc="0" socket="0" element="-1" /> <!-- Bone Boots -->
	<item id="5" num="1" dur="0" level="3" skill="0" luck="1" option="1" exc="0" anc="0" socket="0" element="-1" /> <!-- Angelic Staff -->
</shop>